threshold,micro_dice,micro_iou,macro_dice_mean,macro_iou_mean
0.1,0.9004022456862498,0.8188469303015113,0.8964274224394038,0.8162217862984508
0.15,0.9003092903998714,0.8186931857660628,0.8963273861400168,0.8160617154698468
0.2,0.9002374326311133,0.8185743535396692,0.89625615062912,0.8159478266385858
0.25,0.9001726466426793,0.8184672293290599,0.8961851019289526,0.8158325422046745
0.3,0.9001074233328162,0.8183593947513108,0.8961167593923449,0.8157223985392389
0.35,0.9000407773316105,0.8182492212285859,0.8960423454181669,0.8156051671655183
0.4,0.8999883549328578,0.8181625703407208,0.8959811241873311,0.8155085856537616
0.45,0.8999283280596599,0.8180633598830327,0.8959153029169917,0.8154032696738368
0.5,0.8998776657541074,0.8179796353020612,0.8958572185141905,0.8153104667014351
0.55,0.8998119834466827,0.8178711001285262,0.8957911797049593,0.8152031562472275
0.6,0.8997395196242757,0.8177513740355615,0.8957202473416908,0.8150892922105664
0.65,0.8996661411433394,0.817630152795778,0.895643828648202,0.81496564223915
0.7,0.8995814120919505,0.8174902005264194,0.8955502344698216,0.814815868425706
0.75,0.8994905092182639,0.8173400745315879,0.8954530834038801,0.8146617651631878
0.8,0.8993982536906701,0.8171877399855492,0.8953548109926749,0.8145037091246937
0.85,0.8992761341376647,0.8169861325148507,0.8952288958482906,0.8143019728485021
0.9,0.8990946511509438,0.81668660443053,0.8950307223186513,0.8139876546671883
