epoch,train_loss,val_loss,val_dice,val_iou,lr,seconds_elapsed
1,0.3982138000783466,0.1679908762872219,0.8436997310496588,0.7296545315305921,0.0001,313.52
2,0.16437828573442642,0.14219549745321275,0.8573044324093333,0.7502474471104578,0.0001,629.19
3,0.14687525976271856,0.1352041582763195,0.8636544571167935,0.7600280236286893,0.0001,972.44
4,0.13952636944396155,0.12414894446730614,0.875857222615104,0.7791334341467007,0.0001,1311.57
5,0.13348540077606838,0.12031596899032593,0.8798962666331726,0.7855489098213831,0.0001,1651.85
6,0.1285653991926284,0.12417983710765838,0.877144444016187,0.7811730006961214,0.0001,1993.41
7,0.1254238577399935,0.12024766579270363,0.8788187934760687,0.783832968624872,0.0001,2335.22
8,0.12230290425675255,0.12146137818694115,0.8781305109024587,0.78273856222692,0.0001,2679.37
9,0.12151314306826819,0.1149642114341259,0.886039620185341,0.7953959909532514,0.0001,3019.62
10,0.11898153245449067,0.11582938894629478,0.8840408505052462,0.7921802970166893,0.0001,3367.34
11,0.11632025656246003,0.11169304132461548,0.8885602511300802,0.7994677642522169,0.0001,3709.42
12,0.11542303262721924,0.11211448833346367,0.8896791975008155,0.8012812112483761,0.0001,4036.13
13,0.11405777434508006,0.11391881093382836,0.8853491646097262,0.794283856881279,0.0001,4499.87
14,0.11335525050049737,0.11180980235338212,0.8885617492699107,0.7994701898069696,0.0001,4974.83
15,0.11149859788871946,0.11198716789484024,0.8870651788272353,0.7970504309430114,0.0001,5448.85
16,0.11059472863163267,0.11252463594079018,0.8883096181558845,0.799062070396185,5e-05,5933.7
17,0.10468125351837704,0.10679033994674683,0.893122970430509,0.8068854502996422,5e-05,6403.63
18,0.10327508077734993,0.1053993284702301,0.8942225313304303,0.8086821776232478,5e-05,6884.88
19,0.10204300068673633,0.10637838050723075,0.8938541477938989,0.8080798260113649,5e-05,7200.61
20,0.10081852365107763,0.10583275377750397,0.8944556517217004,0.8090635650344244,5e-05,7609.81
21,0.09988192948557081,0.10664048701524735,0.8942122719758978,0.8086653969055507,5e-05,7929.89
22,0.09947297228234155,0.1038671313226223,0.8976446014900222,0.8142969161337104,5e-05,8245.25
23,0.09787002936715171,0.10383813485503196,0.8968718500285873,0.8130259843807173,5e-05,8567.69
24,0.09762162241197768,0.10489991188049316,0.8961436077545958,0.8118298848020524,5e-05,8890.12
25,0.09738405754168829,0.10479360923171044,0.8962728479376386,0.812042039794812,5e-05,9228.97
26,0.09583174391871407,0.10492220103740692,0.8946074785741871,0.8093120418620705,2.5e-05,9558.67
27,0.09346242071617217,0.10193412065505982,0.8985739648780667,0.8158277870911143,2.5e-05,9890.55
28,0.09226147302559444,0.10121941670775414,0.898555033873629,0.8157965776844233,2.5e-05,10227.77
29,0.09192868183056513,0.1012247483432293,0.8998776657541074,0.8179796353020612,2.5e-05,10550.19
30,0.09090771134410586,0.10153454810380935,0.8988444022401525,0.8162737437549518,2.5e-05,10867.97
