scientific_label,reference,metric,arm_A,arm_B,B_minus_A
EXPLORATORY_NOT_HUMAN_GOLD_VALIDATED,COMMON_CONSENSUS_VALIDATION_SUBSET,validation_loss,0.24274909368490574,0.23466294996957757,-0.008086143715328176
EXPLORATORY_NOT_HUMAN_GOLD_VALIDATED,COMMON_CONSENSUS_VALIDATION_SUBSET,micro_dice,0.7640717745786996,0.7630512375742211,-0.0010205370044784612
EXPLORATORY_NOT_HUMAN_GOLD_VALIDATED,COMMON_CONSENSUS_VALIDATION_SUBSET,macro_dice,0.7551542785394522,0.760142258317924,0.004987979778471874
EXPLORATORY_NOT_HUMAN_GOLD_VALIDATED,COMMON_CONSENSUS_VALIDATION_SUBSET,micro_iou,0.6182169472812586,0.6168818472947919,-0.0013350999864667479
EXPLORATORY_NOT_HUMAN_GOLD_VALIDATED,COMMON_CONSENSUS_VALIDATION_SUBSET,macro_iou,0.6257369644999421,0.6311228422102247,0.005385877710282649
EXPLORATORY_NOT_HUMAN_GOLD_VALIDATED,COMMON_CONSENSUS_VALIDATION_SUBSET,precision,0.7854153871002706,0.7913923251403872,0.005976938040116564
EXPLORATORY_NOT_HUMAN_GOLD_VALIDATED,COMMON_CONSENSUS_VALIDATION_SUBSET,recall,0.7438574950938459,0.7366698535701706,-0.007187641523675348
EXPLORATORY_NOT_HUMAN_GOLD_VALIDATED,COMMON_CONSENSUS_VALIDATION_SUBSET,f1,0.7640717745786997,0.7630512375742211,-0.0010205370044785722
EXPLORATORY_NOT_HUMAN_GOLD_VALIDATED,COMMON_CONSENSUS_VALIDATION_SUBSET,false_positive_rate,0.0009723942220811072,0.0009291050071830723,-4.328921489803487e-05
EXPLORATORY_NOT_HUMAN_GOLD_VALIDATED,COMMON_CONSENSUS_VALIDATION_SUBSET,false_negative_rate,0.2561425049061541,0.26333014642982944,0.007187641523675348
EXPLORATORY_NOT_HUMAN_GOLD_VALIDATED,COMMON_CONSENSUS_VALIDATION_SUBSET,positive_plan_dice,0.7551542785394522,0.760142258317924,0.004987979778471874
EXPLORATORY_NOT_HUMAN_GOLD_VALIDATED,COMMON_CONSENSUS_VALIDATION_SUBSET,positive_plan_iou,0.6257369644999421,0.6311228422102247,0.005385877710282649
EXPLORATORY_NOT_HUMAN_GOLD_VALIDATED,COMMON_CONSENSUS_VALIDATION_SUBSET,empty_prediction_rate,0.0,0.0,0.0
EXPLORATORY_NOT_HUMAN_GOLD_VALIDATED,COMMON_CONSENSUS_VALIDATION_SUBSET,prediction_foreground_ratio,0.0045099402192849015,0.004432630299323767,-7.730991996113441e-05
EXPLORATORY_NOT_HUMAN_GOLD_VALIDATED,COMMON_CONSENSUS_VALIDATION_SUBSET,opening_instance_precision,0.81,0.8161322645290581,0.006132264529058018
EXPLORATORY_NOT_HUMAN_GOLD_VALIDATED,COMMON_CONSENSUS_VALIDATION_SUBSET,opening_instance_recall,0.8551068883610451,0.8598574821852731,0.004750593824228044
EXPLORATORY_NOT_HUMAN_GOLD_VALIDATED,COMMON_CONSENSUS_VALIDATION_SUBSET,opening_instance_f1,0.8319424829888304,0.8374244955661226,0.005482012577292195
EXPLORATORY_NOT_HUMAN_GOLD_VALIDATED,COMMON_CONSENSUS_VALIDATION_SUBSET,fragmentation_rate,0.006070203219846925,0.007389812615465822,0.0013196093956188973
EXPLORATORY_NOT_HUMAN_GOLD_VALIDATED,COMMON_CONSENSUS_VALIDATION_SUBSET,merge_rate,0.00225,0.003256513026052104,0.0010065130260521042
EXPLORATORY_NOT_HUMAN_GOLD_VALIDATED,COMMON_CONSENSUS_VALIDATION_SUBSET,boundary_f1,0.7940825416634107,0.7953268973594365,0.0012443556960257673
EXPLORATORY_NOT_HUMAN_GOLD_VALIDATED,REFERENCE_V31,validation_loss,0.243384501762868,0.235145579421471,-0.008238922341397004
EXPLORATORY_NOT_HUMAN_GOLD_VALIDATED,REFERENCE_V31,micro_dice,0.7640621379619283,0.7630956102353414,-0.0009665277265868966
EXPLORATORY_NOT_HUMAN_GOLD_VALIDATED,REFERENCE_V31,macro_dice,0.7545902229671665,0.7597246446843278,0.005134421717161275
EXPLORATORY_NOT_HUMAN_GOLD_VALIDATED,REFERENCE_V31,micro_iou,0.6182043300315954,0.616939851252798,-0.0012644787787973177
EXPLORATORY_NOT_HUMAN_GOLD_VALIDATED,REFERENCE_V31,macro_iou,0.6252608553070682,0.6307205897056974,0.005459734398629235
EXPLORATORY_NOT_HUMAN_GOLD_VALIDATED,REFERENCE_V31,precision,0.7850534334991006,0.791138368246968,0.006084934747867421
EXPLORATORY_NOT_HUMAN_GOLD_VALIDATED,REFERENCE_V31,recall,0.7441641675777058,0.7369728092434531,-0.007191358334252662
EXPLORATORY_NOT_HUMAN_GOLD_VALIDATED,REFERENCE_V31,f1,0.7640621379619283,0.7630956102353414,-0.0009665277265868966
EXPLORATORY_NOT_HUMAN_GOLD_VALIDATED,REFERENCE_V31,false_positive_rate,0.0009733028993115454,0.0009294063856539179,-4.3896513657627474e-05
EXPLORATORY_NOT_HUMAN_GOLD_VALIDATED,REFERENCE_V31,false_negative_rate,0.25583583242229424,0.26302719075654696,0.007191358334252718
EXPLORATORY_NOT_HUMAN_GOLD_VALIDATED,REFERENCE_V31,positive_plan_dice,0.7545902229671665,0.7597246446843278,0.005134421717161275
EXPLORATORY_NOT_HUMAN_GOLD_VALIDATED,REFERENCE_V31,positive_plan_iou,0.6252608553070682,0.6307205897056974,0.005459734398629235
EXPLORATORY_NOT_HUMAN_GOLD_VALIDATED,REFERENCE_V31,empty_prediction_rate,0.0,0.0,0.0
EXPLORATORY_NOT_HUMAN_GOLD_VALIDATED,REFERENCE_V31,prediction_foreground_ratio,0.004506587982177734,0.0044287109375,-7.787704467773424e-05
EXPLORATORY_NOT_HUMAN_GOLD_VALIDATED,REFERENCE_V31,opening_instance_precision,0.8097488187018155,0.8151281413286887,0.00537932262687324
EXPLORATORY_NOT_HUMAN_GOLD_VALIDATED,REFERENCE_V31,opening_instance_recall,0.8543689320388349,0.8596168984518499,0.005247966413014948
EXPLORATORY_NOT_HUMAN_GOLD_VALIDATED,REFERENCE_V31,opening_instance_f1,0.8314606741573034,0.8367816091954022,0.0053209350380988285
EXPLORATORY_NOT_HUMAN_GOLD_VALIDATED,REFERENCE_V31,fragmentation_rate,0.0060351613749672,0.007347152978220939,0.0013119916032537388
EXPLORATORY_NOT_HUMAN_GOLD_VALIDATED,REFERENCE_V31,merge_rate,0.002238249191743347,0.0032346354814630504,0.0009963862897197032
EXPLORATORY_NOT_HUMAN_GOLD_VALIDATED,REFERENCE_V31,boundary_f1,0.7938506980001198,0.7952088915962457,0.0013581935961259894
EXPLORATORY_NOT_HUMAN_GOLD_VALIDATED,REFERENCE_V32,validation_loss,0.24338450159826788,0.23514557943868644,-0.008238922159581441
EXPLORATORY_NOT_HUMAN_GOLD_VALIDATED,REFERENCE_V32,micro_dice,0.7640621379619283,0.7630956102353414,-0.0009665277265868966
EXPLORATORY_NOT_HUMAN_GOLD_VALIDATED,REFERENCE_V32,macro_dice,0.7545902229671665,0.7597246446843278,0.005134421717161275
EXPLORATORY_NOT_HUMAN_GOLD_VALIDATED,REFERENCE_V32,micro_iou,0.6182043300315954,0.616939851252798,-0.0012644787787973177
EXPLORATORY_NOT_HUMAN_GOLD_VALIDATED,REFERENCE_V32,macro_iou,0.6252608553070682,0.6307205897056974,0.005459734398629235
EXPLORATORY_NOT_HUMAN_GOLD_VALIDATED,REFERENCE_V32,precision,0.7850534334991006,0.791138368246968,0.006084934747867421
EXPLORATORY_NOT_HUMAN_GOLD_VALIDATED,REFERENCE_V32,recall,0.7441641675777058,0.7369728092434531,-0.007191358334252662
EXPLORATORY_NOT_HUMAN_GOLD_VALIDATED,REFERENCE_V32,f1,0.7640621379619283,0.7630956102353414,-0.0009665277265868966
EXPLORATORY_NOT_HUMAN_GOLD_VALIDATED,REFERENCE_V32,false_positive_rate,0.0009733028993115454,0.0009294063856539179,-4.3896513657627474e-05
EXPLORATORY_NOT_HUMAN_GOLD_VALIDATED,REFERENCE_V32,false_negative_rate,0.25583583242229424,0.26302719075654696,0.007191358334252718
EXPLORATORY_NOT_HUMAN_GOLD_VALIDATED,REFERENCE_V32,positive_plan_dice,0.7545902229671665,0.7597246446843278,0.005134421717161275
EXPLORATORY_NOT_HUMAN_GOLD_VALIDATED,REFERENCE_V32,positive_plan_iou,0.6252608553070682,0.6307205897056974,0.005459734398629235
EXPLORATORY_NOT_HUMAN_GOLD_VALIDATED,REFERENCE_V32,empty_prediction_rate,0.0,0.0,0.0
EXPLORATORY_NOT_HUMAN_GOLD_VALIDATED,REFERENCE_V32,prediction_foreground_ratio,0.004506587982177734,0.0044287109375,-7.787704467773424e-05
EXPLORATORY_NOT_HUMAN_GOLD_VALIDATED,REFERENCE_V32,opening_instance_precision,0.8097488187018155,0.8151281413286887,0.00537932262687324
EXPLORATORY_NOT_HUMAN_GOLD_VALIDATED,REFERENCE_V32,opening_instance_recall,0.8543689320388349,0.8596168984518499,0.005247966413014948
EXPLORATORY_NOT_HUMAN_GOLD_VALIDATED,REFERENCE_V32,opening_instance_f1,0.8314606741573034,0.8367816091954022,0.0053209350380988285
EXPLORATORY_NOT_HUMAN_GOLD_VALIDATED,REFERENCE_V32,fragmentation_rate,0.0060351613749672,0.007347152978220939,0.0013119916032537388
EXPLORATORY_NOT_HUMAN_GOLD_VALIDATED,REFERENCE_V32,merge_rate,0.002238249191743347,0.0032346354814630504,0.0009963862897197032
EXPLORATORY_NOT_HUMAN_GOLD_VALIDATED,REFERENCE_V32,boundary_f1,0.7938506980001198,0.7952088915962457,0.0013581935961259894
