arm,reference,threshold,scientific_label,validation_loss,micro_dice,macro_dice,micro_iou,macro_iou,precision,recall,f1,false_positive_rate,false_negative_rate,positive_plan_dice,positive_plan_iou,empty_prediction_rate,prediction_foreground_ratio,opening_instance_precision,opening_instance_recall,opening_instance_f1,fragmentation_rate,merge_rate,boundary_f1
A_candidate_v3_1,COMMON_CONSENSUS_VALIDATION_SUBSET,0.1,EXPLORATORY_NOT_HUMAN_GOLD_VALIDATED,0.24274909368490574,0.76299234796617,0.7551150455574536,0.6168048732048614,0.6255077421630523,0.7633382019642407,0.7626468072258844,0.76299234796617,0.001131326794597741,0.23735319277411562,0.7551150455574536,0.6255077421630523,0.0,0.004757588832222636,0.7815871493646608,0.8603853259435207,0.8190954773869347,0.007653734494589602,0.003356509230400384,0.7903762749626052
A_candidate_v3_1,COMMON_CONSENSUS_VALIDATION_SUBSET,0.2,EXPLORATORY_NOT_HUMAN_GOLD_VALIDATED,0.24274909368490574,0.7636556298933542,0.7553839868155033,0.6176722670136655,0.6259312602459657,0.7717399347205893,0.7557389422835002,0.7636556298933542,0.0010695084474496908,0.24426105771649978,0.7553839868155033,0.6259312602459657,0.0,0.0046631702825651695,0.7931286549707602,0.8590657165479019,0.8247814519194222,0.007389812615465822,0.0026803118908382065,0.791941381851875
A_candidate_v3_1,COMMON_CONSENSUS_VALIDATION_SUBSET,0.3,EXPLORATORY_NOT_HUMAN_GOLD_VALIDATED,0.24274909368490574,0.7639386142140396,0.7554037088978112,0.6180426174613347,0.6260024055952276,0.7771553636020982,0.751163890705983,0.7639386142140396,0.0010305818608828707,0.248836109294017,0.7554037088978112,0.6260024055952276,0.0,0.004602643113639487,0.799803004186161,0.8572182633940354,0.827515923566879,0.006861968857218264,0.002462447672986949,0.7929895881454074
A_candidate_v3_1,COMMON_CONSENSUS_VALIDATION_SUBSET,0.4,EXPLORATORY_NOT_HUMAN_GOLD_VALIDATED,0.24274909368490574,0.7639988888545943,0.7552759944845227,0.6181215226793723,0.6258431937663176,0.7814288269896558,0.7473295425954813,0.7639988888545943,0.0010001590288777778,0.2526704574045187,0.7552759944845227,0.6258431937663176,0.0,0.004554106362500981,0.8079701120797012,0.8561625758775403,0.831368528959508,0.006598046978094484,0.00224159402241594,0.7936635011185765
A_candidate_v3_1,COMMON_CONSENSUS_VALIDATION_SUBSET,0.5,EXPLORATORY_NOT_HUMAN_GOLD_VALIDATED,0.24274909368490574,0.7640717745786996,0.7551542785394522,0.6182169472812586,0.6257369644999421,0.7854153871002706,0.7438574950938459,0.7640717745786997,0.0009723942220811072,0.2561425049061541,0.7551542785394522,0.6257369644999421,0.0,0.0045099402192849015,0.81,0.8551068883610451,0.8319424829888304,0.006070203219846925,0.00225,0.7940825416634107
A_candidate_v3_1,COMMON_CONSENSUS_VALIDATION_SUBSET,0.6,EXPLORATORY_NOT_HUMAN_GOLD_VALIDATED,0.24274909368490574,0.7638341809599787,0.7547384787509381,0.6179059226481082,0.6252450794603511,0.7892170015648378,0.7400332108891461,0.7638341809599787,0.000945679142631241,0.2599667891108539,0.7547384787509381,0.6252450794603511,0.0,0.004465141488080048,0.8147681451612904,0.8532594352071787,0.8335696789996132,0.006070203219846925,0.0022681451612903227,0.7941948757603793
A_candidate_v3_1,COMMON_CONSENSUS_VALIDATION_SUBSET,0.7,EXPLORATORY_NOT_HUMAN_GOLD_VALIDATED,0.24274909368490574,0.7635398906430593,0.7542647126223218,0.6175208442754873,0.6246870338479752,0.7932470778121989,0.7359774568510039,0.7635398906430593,0.0009178276610995131,0.26402254314899615,0.7542647126223218,0.6246870338479752,0.0,0.004418109529581501,0.8227654698242933,0.8527315914489311,0.8374805598755832,0.006070203219846925,0.002037178507766743,0.7943485379683408
A_candidate_v3_1,COMMON_CONSENSUS_VALIDATION_SUBSET,0.8,EXPLORATORY_NOT_HUMAN_GOLD_VALIDATED,0.24274909368490574,0.7630972941853771,0.7535578992336727,0.6169420525948336,0.6238575544469472,0.798123726791063,0.731015951290696,0.7630972941853771,0.0008846986512554109,0.2689840487093041,0.7535578992336727,0.6238575544469472,0.0,0.0043615120739194015,0.8261984106639323,0.8506202164159409,0.8382314694408322,0.005278437582475587,0.0017944116893104333,0.7944214247787049
A_candidate_v3_1,COMMON_CONSENSUS_VALIDATION_SUBSET,0.9,EXPLORATORY_NOT_HUMAN_GOLD_VALIDATED,0.24274909368490574,0.7622795949742883,0.7524145492051034,0.6158738208395725,0.6224692166660802,0.8054041337590321,0.7235384692799275,0.7622795949742883,0.0008364400848807607,0.27646153072007246,0.7524145492051034,0.6224692166660802,0.0,0.004277876274070548,0.8307891332470893,0.8474531538664555,0.8390384112882153,0.007125890736342043,0.0018111254851228978,0.7941734494843424
A_candidate_v3_1,REFERENCE_V31,0.1,EXPLORATORY_NOT_HUMAN_GOLD_VALIDATED,0.243384501762868,0.7629259936089675,0.754487849548971,0.6167181507876666,0.6249770861064342,0.7629321152962747,0.7629198720198991,0.7629259936089675,0.00113243614583244,0.2370801279801009,0.754487849548971,0.6249770861064342,0.0,0.004754133224487304,0.7811158798283262,0.8596168984518499,0.8184884447220486,0.007609551298871687,0.0033381020505484026,0.7901201854491997
A_candidate_v3_1,REFERENCE_V31,0.2,EXPLORATORY_NOT_HUMAN_GOLD_VALIDATED,0.243384501762868,0.7636150712727796,0.7547882082982826,0.617619200566342,0.6254298931379678,0.7713565885126727,0.7560274013821049,0.7636150712727796,0.0010705057446603714,0.24397259861789514,0.7547882082982826,0.6254298931379678,0.0,0.00465972900390625,0.7925854131330264,0.8583049068485962,0.8241370622323004,0.007347152978220939,0.002665374363944754,0.7916957260572166
A_candidate_v3_1,REFERENCE_V31,0.3,EXPLORATORY_NOT_HUMAN_GOLD_VALIDATED,0.243384501762868,0.7639150303739699,0.7548214102456094,0.618011746073644,0.6255130415489478,0.7767900650895059,0.7514598357120649,0.76391503037397,0.001031486621409147,0.24854016428793516,0.7548214102456094,0.6255130415489478,0.0,0.004599180221557617,0.7994121969140338,0.8564681186040409,0.8269571826703827,0.006822356336919444,0.0024491795248591723,0.7927436637488443
A_candidate_v3_1,REFERENCE_V31,0.4,EXPLORATORY_NOT_HUMAN_GOLD_VALIDATED,0.243384501762868,0.7639828962418468,0.7547047041781245,0.618100586083259,0.6253619951129957,0.7810644687401112,0.7476324684312408,0.7639828962418468,0.0010010724030399462,0.25236753156875924,0.7547047041781245,0.6253619951129957,0.0,0.004550714492797852,0.8077304261645193,0.8554185253214379,0.8308907862877533,0.006559958016268696,0.0022299306243805748,0.793426937389432
A_candidate_v3_1,REFERENCE_V31,0.5,EXPLORATORY_NOT_HUMAN_GOLD_VALIDATED,0.243384501762868,0.7640621379619283,0.7545902229671665,0.6182043300315954,0.6252608553070682,0.7850534334991006,0.7441641675777058,0.7640621379619283,0.0009733028993115454,0.25583583242229424,0.7545902229671665,0.6252608553070682,0.0,0.004506587982177734,0.8097488187018155,0.8543689320388349,0.8314606741573034,0.0060351613749672,0.002238249191743347,0.7938506980001198
A_candidate_v3_1,REFERENCE_V31,0.6,EXPLORATORY_NOT_HUMAN_GOLD_VALIDATED,0.243384501762868,0.7638326362257263,0.7541836049467434,0.6179039008873263,0.6247757690999546,0.7888573266732071,0.7403468300853535,0.7638326362257263,0.0009465874485196953,0.2596531699146465,0.7541836049467434,0.6247757690999546,0.0,0.004461851119995117,0.8144898470794686,0.8525321437942797,0.833076923076923,0.0060351613749672,0.002256204562547004,0.7939689259788937
A_candidate_v3_1,REFERENCE_V31,0.7,EXPLORATORY_NOT_HUMAN_GOLD_VALIDATED,0.243384501762868,0.7635593202710096,0.7537361468551333,0.6175462622585101,0.6242419497267071,0.792909033173697,0.7363048253312338,0.7635593202710097,0.0009186358811022538,0.26369517466876624,0.7537361468551333,0.6242419497267071,0.0,0.004414815902709961,0.8224417426545086,0.8520073471529782,0.8369635262276067,0.0060351613749672,0.002026342451874367,0.7941361213822077
A_candidate_v3_1,REFERENCE_V31,0.8,EXPLORATORY_NOT_HUMAN_GOLD_VALIDATED,0.243384501762868,0.7631261400896059,0.7530410081474734,0.6169797623056655,0.6234239655259463,0.7977864429477333,0.7313521157838782,0.763126140089606,0.0008855194542957137,0.2686478842161219,0.7530410081474734,0.6234239655259463,0.0,0.004358310699462891,0.8258541560428353,0.8499081605877722,0.8377085219190483,0.005247966413014957,0.0017848036715961244,0.794213852918827
A_candidate_v3_1,REFERENCE_V31,0.9,EXPLORATORY_NOT_HUMAN_GOLD_VALIDATED,0.243384501762868,0.7623329942783146,0.7519178336753669,0.6159435379258551,0.6220566996681076,0.805090644618659,0.7238879472031935,0.7623329942783146,0.0008371575891068803,0.2761120527968065,0.7519178336753669,0.6220566996681076,0.0,0.004274692535400391,0.830416881111683,0.8467593807399633,0.8385085098090165,0.007084754657570191,0.0018013381369016985,0.7939773273999333
A_candidate_v3_1,REFERENCE_V32,0.1,EXPLORATORY_NOT_HUMAN_GOLD_VALIDATED,0.24338450159826788,0.7629259936089675,0.754487849548971,0.6167181507876666,0.6249770861064342,0.7629321152962747,0.7629198720198991,0.7629259936089675,0.00113243614583244,0.2370801279801009,0.754487849548971,0.6249770861064342,0.0,0.004754133224487304,0.7811158798283262,0.8596168984518499,0.8184884447220486,0.007609551298871687,0.0033381020505484026,0.7901201854491997
A_candidate_v3_1,REFERENCE_V32,0.2,EXPLORATORY_NOT_HUMAN_GOLD_VALIDATED,0.24338450159826788,0.7636150712727796,0.7547882082982826,0.617619200566342,0.6254298931379678,0.7713565885126727,0.7560274013821049,0.7636150712727796,0.0010705057446603714,0.24397259861789514,0.7547882082982826,0.6254298931379678,0.0,0.00465972900390625,0.7925854131330264,0.8583049068485962,0.8241370622323004,0.007347152978220939,0.002665374363944754,0.7916957260572166
A_candidate_v3_1,REFERENCE_V32,0.3,EXPLORATORY_NOT_HUMAN_GOLD_VALIDATED,0.24338450159826788,0.7639150303739699,0.7548214102456094,0.618011746073644,0.6255130415489478,0.7767900650895059,0.7514598357120649,0.76391503037397,0.001031486621409147,0.24854016428793516,0.7548214102456094,0.6255130415489478,0.0,0.004599180221557617,0.7994121969140338,0.8564681186040409,0.8269571826703827,0.006822356336919444,0.0024491795248591723,0.7927436637488443
A_candidate_v3_1,REFERENCE_V32,0.4,EXPLORATORY_NOT_HUMAN_GOLD_VALIDATED,0.24338450159826788,0.7639828962418468,0.7547047041781245,0.618100586083259,0.6253619951129957,0.7810644687401112,0.7476324684312408,0.7639828962418468,0.0010010724030399462,0.25236753156875924,0.7547047041781245,0.6253619951129957,0.0,0.004550714492797852,0.8077304261645193,0.8554185253214379,0.8308907862877533,0.006559958016268696,0.0022299306243805748,0.793426937389432
A_candidate_v3_1,REFERENCE_V32,0.5,EXPLORATORY_NOT_HUMAN_GOLD_VALIDATED,0.24338450159826788,0.7640621379619283,0.7545902229671665,0.6182043300315954,0.6252608553070682,0.7850534334991006,0.7441641675777058,0.7640621379619283,0.0009733028993115454,0.25583583242229424,0.7545902229671665,0.6252608553070682,0.0,0.004506587982177734,0.8097488187018155,0.8543689320388349,0.8314606741573034,0.0060351613749672,0.002238249191743347,0.7938506980001198
A_candidate_v3_1,REFERENCE_V32,0.6,EXPLORATORY_NOT_HUMAN_GOLD_VALIDATED,0.24338450159826788,0.7638326362257263,0.7541836049467434,0.6179039008873263,0.6247757690999546,0.7888573266732071,0.7403468300853535,0.7638326362257263,0.0009465874485196953,0.2596531699146465,0.7541836049467434,0.6247757690999546,0.0,0.004461851119995117,0.8144898470794686,0.8525321437942797,0.833076923076923,0.0060351613749672,0.002256204562547004,0.7939689259788937
A_candidate_v3_1,REFERENCE_V32,0.7,EXPLORATORY_NOT_HUMAN_GOLD_VALIDATED,0.24338450159826788,0.7635593202710096,0.7537361468551333,0.6175462622585101,0.6242419497267071,0.792909033173697,0.7363048253312338,0.7635593202710097,0.0009186358811022538,0.26369517466876624,0.7537361468551333,0.6242419497267071,0.0,0.004414815902709961,0.8224417426545086,0.8520073471529782,0.8369635262276067,0.0060351613749672,0.002026342451874367,0.7941361213822077
A_candidate_v3_1,REFERENCE_V32,0.8,EXPLORATORY_NOT_HUMAN_GOLD_VALIDATED,0.24338450159826788,0.7631261400896059,0.7530410081474734,0.6169797623056655,0.6234239655259463,0.7977864429477333,0.7313521157838782,0.763126140089606,0.0008855194542957137,0.2686478842161219,0.7530410081474734,0.6234239655259463,0.0,0.004358310699462891,0.8258541560428353,0.8499081605877722,0.8377085219190483,0.005247966413014957,0.0017848036715961244,0.794213852918827
A_candidate_v3_1,REFERENCE_V32,0.9,EXPLORATORY_NOT_HUMAN_GOLD_VALIDATED,0.24338450159826788,0.7623329942783146,0.7519178336753669,0.6159435379258551,0.6220566996681076,0.805090644618659,0.7238879472031935,0.7623329942783146,0.0008371575891068803,0.2761120527968065,0.7519178336753669,0.6220566996681076,0.0,0.004274692535400391,0.830416881111683,0.8467593807399633,0.8385085098090165,0.007084754657570191,0.0018013381369016985,0.7939773273999333
B_candidate_v3_2,COMMON_CONSENSUS_VALIDATION_SUBSET,0.1,EXPLORATORY_NOT_HUMAN_GOLD_VALIDATED,0.23466294996957757,0.762867932283505,0.7606118603608315,0.6166422746535144,0.6317833898309574,0.7792631468458067,0.7471483922910481,0.762867932283505,0.0010126305601999034,0.2528516077089518,0.7606118603608315,0.6317833898309574,0.0,0.004565655885629318,0.8027511667894867,0.862496700976511,0.8315521628498729,0.00844550013196094,0.0036845983787767134,0.7950818782217794
B_candidate_v3_2,COMMON_CONSENSUS_VALIDATION_SUBSET,0.2,EXPLORATORY_NOT_HUMAN_GOLD_VALIDATED,0.23466294996957757,0.7629490496566823,0.7603574625870632,0.6167482830395479,0.6314486446733842,0.786549513870039,0.7407235948271524,0.7629490496566823,0.000961791012825771,0.25927640517284756,0.7603574625870632,0.6314486446733842,0.0,0.004484464175737084,0.8092873106530917,0.860121404064397,0.833930399181167,0.009501187648456057,0.003476533399553017,0.7953613016553035
B_candidate_v3_2,COMMON_CONSENSUS_VALIDATION_SUBSET,0.3,EXPLORATORY_NOT_HUMAN_GOLD_VALIDATED,0.23466294996957757,0.7630512375742211,0.760142258317924,0.6168818472947919,0.6311228422102247,0.7913923251403872,0.7366698535701706,0.7630512375742211,0.0009291050071830723,0.26333014642982944,0.760142258317924,0.6311228422102247,0.0,0.004432630299323767,0.8161322645290581,0.8598574821852731,0.8374244955661226,0.007389812615465822,0.003256513026052104,0.7953268973594365
B_candidate_v3_2,COMMON_CONSENSUS_VALIDATION_SUBSET,0.4,EXPLORATORY_NOT_HUMAN_GOLD_VALIDATED,0.23466294996957757,0.762836651850983,0.7597297070003796,0.6166013994775239,0.6305536884686981,0.7951526028396202,0.7330448347003472,0.762836651850983,0.0009035744824456551,0.2669551652996528,0.7597297070003796,0.6305536884686981,0.0,0.004389959364081148,0.8190284419833879,0.858801794668778,0.8384437000772995,0.007653734494589602,0.0027686886483765417,0.7953016067264188
B_candidate_v3_2,COMMON_CONSENSUS_VALIDATION_SUBSET,0.5,EXPLORATORY_NOT_HUMAN_GOLD_VALIDATED,0.23466294996957757,0.7626065004733354,0.7592805229086278,0.616300716599087,0.6299347921692953,0.7986890663729,0.7296432345393247,0.7626065004733354,0.0008799411713533798,0.2703567654606753,0.7592805229086278,0.6299347921692953,0.0,0.004350240506119465,0.8219974715549937,0.8580100290314067,0.8396177685950413,0.007389812615465822,0.002781289506953224,0.795005051255357
B_candidate_v3_2,COMMON_CONSENSUS_VALIDATION_SUBSET,0.6,EXPLORATORY_NOT_HUMAN_GOLD_VALIDATED,0.23466294996957757,0.7623348704052905,0.7588497038925678,0.6159459874699125,0.6293576439095266,0.8022032993908133,0.7262416343783022,0.7623348704052905,0.0008567797560408607,0.2737583656216978,0.7588497038925678,0.6293576439095266,0.0,0.004310991296816112,0.825501651003302,0.8577461071522829,0.8413150401242557,0.007653734494589602,0.0027940055880111762,0.794666180656598
B_candidate_v3_2,COMMON_CONSENSUS_VALIDATION_SUBSET,0.7,EXPLORATORY_NOT_HUMAN_GOLD_VALIDATED,0.23466294996957757,0.7619769393168407,0.758276873867546,0.6154787931788369,0.6285930216304715,0.8060624570512331,0.7224636441402909,0.7619769393168409,0.0008316922355048472,0.27753635585970915,0.758276873867546,0.6285930216304715,0.0,0.004268032821578596,0.8289943848902501,0.8572182633940354,0.8428701180744778,0.007653734494589602,0.002552322613578356,0.7943011118349503
B_candidate_v3_2,COMMON_CONSENSUS_VALIDATION_SUBSET,0.8,EXPLORATORY_NOT_HUMAN_GOLD_VALIDATED,0.23466294996957757,0.7613658561579131,0.7573967005817157,0.6146817927981965,0.6274060621045637,0.8105360527643559,0.7178201580033211,0.7613658561579131,0.0008028295487307848,0.2821798419966789,0.7573967005817157,0.6274060621045637,0.0,0.0042171957504809204,0.8290248272331713,0.8548429664819214,0.8417359667359667,0.00844550013196094,0.002559508574353724,0.7941239109673228
B_candidate_v3_2,COMMON_CONSENSUS_VALIDATION_SUBSET,0.9,EXPLORATORY_NOT_HUMAN_GOLD_VALIDATED,0.23466294996957757,0.7602796570487462,0.7559238824587404,0.6132670657310014,0.625438587904874,0.8171506583057593,0.7108096412217582,0.7602796570487462,0.0007610234348548406,0.28919035877824184,0.7559238824587404,0.625438587904874,0.0,0.004142205319811951,0.8331616889804325,0.85405120084455,0.8434771275902516,0.00791765637371338,0.0025746652935118436,0.7933711883019002
B_candidate_v3_2,REFERENCE_V31,0.1,EXPLORATORY_NOT_HUMAN_GOLD_VALIDATED,0.235145579421471,0.7628862180192594,0.7601727319347291,0.6166661701867096,0.6313586191922244,0.778956104372839,0.7474659739426095,0.7628862180192594,0.0010132227587085494,0.25253402605739045,0.7601727319347291,0.6313586191922244,0.0,0.0045620155334472655,0.8018545632015618,0.8622408816583574,0.8309520799089646,0.008659144581474678,0.0036603221083455345,0.7949854625951224
B_candidate_v3_2,REFERENCE_V31,0.2,EXPLORATORY_NOT_HUMAN_GOLD_VALIDATED,0.235145579421471,0.7629787515283698,0.7599221672717837,0.6167871024616988,0.6310304060565993,0.7862641724683241,0.741032867616822,0.7629787515283698,0.000962264090376032,0.25896713238317803,0.7599221672717837,0.6310304060565993,0.0,0.004480714797973633,0.808138101109741,0.8598792967725006,0.8332062039155861,0.009446339543426921,0.0034525277435265103,0.7952570214345197
B_candidate_v3_2,REFERENCE_V31,0.3,EXPLORATORY_NOT_HUMAN_GOLD_VALIDATED,0.235145579421471,0.7630956102353414,0.7597246446843278,0.616939851252798,0.6307205897056974,0.791138368246968,0.7369728092434531,0.7630956102353414,0.0009294063856539179,0.26302719075654696,0.7597246446843278,0.6307205897056974,0.0,0.0044287109375,0.8151281413286887,0.8596168984518499,0.8367816091954022,0.007347152978220939,0.0032346354814630504,0.7952088915962457
B_candidate_v3_2,REFERENCE_V31,0.4,EXPLORATORY_NOT_HUMAN_GOLD_VALIDATED,0.235145579421471,0.7628921053070901,0.7593296892943115,0.6166738637590413,0.6301648122473963,0.7949189064603034,0.7333460377320642,0.7628921053070901,0.0009037737346968881,0.26665396226793575,0.7593296892943115,0.6301648122473963,0.0,0.004385957717895508,0.818,0.858567305169247,0.8377928562283959,0.007609551298871687,0.00275,0.7951895925946489
B_candidate_v3_2,REFERENCE_V31,0.5,EXPLORATORY_NOT_HUMAN_GOLD_VALIDATED,0.235145579421471,0.7626722556981923,0.7589007341340264,0.6163866115590487,0.6295626169895311,0.7984684081758039,0.7299479453978316,0.7626722556981924,0.0008800862905227657,0.27005205460216847,0.7589007341340264,0.6295626169895311,0.0,0.004346227645874024,0.8209442491210447,0.8577801102072947,0.838958039266008,0.007347152978220939,0.0027624309392265192,0.7949073045779282
B_candidate_v3_2,REFERENCE_V31,0.6,EXPLORATORY_NOT_HUMAN_GOLD_VALIDATED,0.235145579421471,0.7624046444268562,0.7584751021871294,0.6160370924095608,0.6289887689966921,0.8019941852869603,0.7265398232751271,0.7624046444268561,0.0008568683790203795,0.2734601767248729,0.7584751021871294,0.6289887689966921,0.0,0.004306917190551758,0.8244197780020182,0.8575177118866439,0.8406430868167203,0.007609551298871687,0.0027749747729566097,0.7945829192431662
B_candidate_v3_2,REFERENCE_V31,0.7,EXPLORATORY_NOT_HUMAN_GOLD_VALIDATED,0.235145579421471,0.7620535185529855,0.7579109187662479,0.6155787265231646,0.6282326513346593,0.8058693673241617,0.7227565870635788,0.7620535185529855,0.0008317052607350859,0.2772434129364212,0.7579109187662479,0.6282326513346593,0.0,0.004263887405395508,0.8278833967046895,0.8569929152453424,0.8421866941722537,0.007609551298871687,0.0025348542458808617,0.7942285150396009
B_candidate_v3_2,REFERENCE_V31,0.8,EXPLORATORY_NOT_HUMAN_GOLD_VALIDATED,0.235145579421471,0.7614444146662073,0.7570279847051495,0.6147842080587741,0.6270437745633489,0.8103488474745851,0.7181067771280704,0.7614444146662073,0.0008028242102735952,0.28189322287192964,0.7570279847051495,0.6270437745633489,0.0,0.004213037490844726,0.8281210272056954,0.8546313303594857,0.8411673553719008,0.00839674626082393,0.0025425883549453345,0.794043024280502
B_candidate_v3_2,REFERENCE_V31,0.9,EXPLORATORY_NOT_HUMAN_GOLD_VALIDATED,0.235145579421471,0.7603471001521861,0.7555234948901834,0.6133548352490686,0.6250444195768045,0.8169653557534524,0.7110678715785884,0.7603471001521861,0.0007610070555907998,0.2889321284214116,0.7555234948901834,0.6250444195768045,0.0,0.0041379547119140625,0.832225063938619,0.8538441353975335,0.8428959979277296,0.007871949619522435,0.0025575447570332483,0.7932706532335697
B_candidate_v3_2,REFERENCE_V32,0.1,EXPLORATORY_NOT_HUMAN_GOLD_VALIDATED,0.23514557943868644,0.7628862180192594,0.7601727319347291,0.6166661701867096,0.6313586191922244,0.778956104372839,0.7474659739426095,0.7628862180192594,0.0010132227587085494,0.25253402605739045,0.7601727319347291,0.6313586191922244,0.0,0.0045620155334472655,0.8018545632015618,0.8622408816583574,0.8309520799089646,0.008659144581474678,0.0036603221083455345,0.7949854625951224
B_candidate_v3_2,REFERENCE_V32,0.2,EXPLORATORY_NOT_HUMAN_GOLD_VALIDATED,0.23514557943868644,0.7629787515283698,0.7599221672717837,0.6167871024616988,0.6310304060565993,0.7862641724683241,0.741032867616822,0.7629787515283698,0.000962264090376032,0.25896713238317803,0.7599221672717837,0.6310304060565993,0.0,0.004480714797973633,0.808138101109741,0.8598792967725006,0.8332062039155861,0.009446339543426921,0.0034525277435265103,0.7952570214345197
B_candidate_v3_2,REFERENCE_V32,0.3,EXPLORATORY_NOT_HUMAN_GOLD_VALIDATED,0.23514557943868644,0.7630956102353414,0.7597246446843278,0.616939851252798,0.6307205897056974,0.791138368246968,0.7369728092434531,0.7630956102353414,0.0009294063856539179,0.26302719075654696,0.7597246446843278,0.6307205897056974,0.0,0.0044287109375,0.8151281413286887,0.8596168984518499,0.8367816091954022,0.007347152978220939,0.0032346354814630504,0.7952088915962457
B_candidate_v3_2,REFERENCE_V32,0.4,EXPLORATORY_NOT_HUMAN_GOLD_VALIDATED,0.23514557943868644,0.7628921053070901,0.7593296892943115,0.6166738637590413,0.6301648122473963,0.7949189064603034,0.7333460377320642,0.7628921053070901,0.0009037737346968881,0.26665396226793575,0.7593296892943115,0.6301648122473963,0.0,0.004385957717895508,0.818,0.858567305169247,0.8377928562283959,0.007609551298871687,0.00275,0.7951895925946489
B_candidate_v3_2,REFERENCE_V32,0.5,EXPLORATORY_NOT_HUMAN_GOLD_VALIDATED,0.23514557943868644,0.7626722556981923,0.7589007341340264,0.6163866115590487,0.6295626169895311,0.7984684081758039,0.7299479453978316,0.7626722556981924,0.0008800862905227657,0.27005205460216847,0.7589007341340264,0.6295626169895311,0.0,0.004346227645874024,0.8209442491210447,0.8577801102072947,0.838958039266008,0.007347152978220939,0.0027624309392265192,0.7949073045779282
B_candidate_v3_2,REFERENCE_V32,0.6,EXPLORATORY_NOT_HUMAN_GOLD_VALIDATED,0.23514557943868644,0.7624046444268562,0.7584751021871294,0.6160370924095608,0.6289887689966921,0.8019941852869603,0.7265398232751271,0.7624046444268561,0.0008568683790203795,0.2734601767248729,0.7584751021871294,0.6289887689966921,0.0,0.004306917190551758,0.8244197780020182,0.8575177118866439,0.8406430868167203,0.007609551298871687,0.0027749747729566097,0.7945829192431662
B_candidate_v3_2,REFERENCE_V32,0.7,EXPLORATORY_NOT_HUMAN_GOLD_VALIDATED,0.23514557943868644,0.7620535185529855,0.7579109187662479,0.6155787265231646,0.6282326513346593,0.8058693673241617,0.7227565870635788,0.7620535185529855,0.0008317052607350859,0.2772434129364212,0.7579109187662479,0.6282326513346593,0.0,0.004263887405395508,0.8278833967046895,0.8569929152453424,0.8421866941722537,0.007609551298871687,0.0025348542458808617,0.7942285150396009
B_candidate_v3_2,REFERENCE_V32,0.8,EXPLORATORY_NOT_HUMAN_GOLD_VALIDATED,0.23514557943868644,0.7614444146662073,0.7570279847051495,0.6147842080587741,0.6270437745633489,0.8103488474745851,0.7181067771280704,0.7614444146662073,0.0008028242102735952,0.28189322287192964,0.7570279847051495,0.6270437745633489,0.0,0.004213037490844726,0.8281210272056954,0.8546313303594857,0.8411673553719008,0.00839674626082393,0.0025425883549453345,0.794043024280502
B_candidate_v3_2,REFERENCE_V32,0.9,EXPLORATORY_NOT_HUMAN_GOLD_VALIDATED,0.23514557943868644,0.7603471001521861,0.7555234948901834,0.6133548352490686,0.6250444195768045,0.8169653557534524,0.7110678715785884,0.7603471001521861,0.0007610070555907998,0.2889321284214116,0.7555234948901834,0.6250444195768045,0.0,0.0041379547119140625,0.832225063938619,0.8538441353975335,0.8428959979277296,0.007871949619522435,0.0025575447570332483,0.7932706532335697
